<?xml version="1.0" encoding="UTF-8"?>
<project-private xmlns="http://www.netbeans.org/ns/project-private/1">
    <editor-bookmarks xmlns="http://www.netbeans.org/ns/editor-bookmarks/2" lastBookmarkId="0"/>
    <open-files xmlns="http://www.netbeans.org/ns/projectui-open-files/2">
        <group>
            <file>file:/C:/Users/unfaz/OneDrive/Documents/coe318/coe318/lab7/AnalogCircuit/src/coe318/lab7/Resistor.java</file>
            <file>file:/C:/Users/unfaz/OneDrive/Documents/coe318/coe318/lab7/AnalogCircuit/src/coe318/lab7/VoltageSource.java</file>
            <file>file:/C:/Users/unfaz/OneDrive/Documents/coe318/coe318/lab7/AnalogCircuit/src/coe318/lab7/Component.java</file>
            <file>file:/C:/Users/unfaz/OneDrive/Documents/coe318/coe318/lab7/AnalogCircuit/test/coe318/lab7/ResistorTest.java</file>
            <file>file:/C:/Users/unfaz/OneDrive/Documents/coe318/coe318/lab7/AnalogCircuit/src/coe318/lab7/UserMain.java</file>
        </group>
    </open-files>
</project-private>
